Title,Published Date,Viewer Count,Chapter Markers,Duration,Playlists
Train Surfing In Bangladesh ( Extremely Dangerous! ),2023-09-10T07:21:26Z,1587394,,PT22M48S,
The World&#39;s Cheapest VIP Cruise! $12!,2023-09-08T12:51:13Z,1538145,,PT24M31S,
The World&#39;s Cheapest VIP Cruise! $12!,2023-09-08T12:51:13Z,1538152,,PT24M31S,
Nobody Visits This Country...Find Out Why You Should!,2023-09-04T20:02:34Z,2561580,,PT32M58S,
Nobody Visits This Country...Find Out Why You Should!,2023-09-04T20:02:34Z,2561580,,PT32M58S,
This Is Mongolia! ğŸ‡²ğŸ‡³ ( Asiaâ€™s Nation Of Madlads ),2023-06-02T01:43:21Z,2521491,,PT1H6S,
Nobody Visits This Country Anymore ( Find Out Why ) ğŸ‡»ğŸ‡ª,2023-04-06T14:22:28Z,2815176,,PT55M23S,
Solo On Bogota&#39;s Dirtiest Street ğŸ‡¨ğŸ‡´,2023-03-03T16:36:31Z,6573277,,PT19M34S,
The Amazon&#39;s Mysterious Chinese Village ğŸ‡µğŸ‡ª,2023-03-01T12:30:46Z,2024901,,PT33M12S,
The Amazon&#39;s Weirdest Village ğŸ‡µğŸ‡ª,2023-02-22T16:20:02Z,2970608,,PT42M,
The Amazon&#39;s Weirdest Village ğŸ‡µğŸ‡ª,2023-02-22T16:20:02Z,2970608,,PT42M,
Visiting South America&#39;s Troubled Nation ğŸ‡µğŸ‡ª,2023-02-15T21:46:34Z,2392307,,PT49M36S,
Tourists Don&#39;t Cross This Border ( Find Out Why )ğŸ‡±ğŸ‡¦,2022-12-13T01:29:17Z,2243319,,PT41M54S,
Vietnam: The Nation That Would Not Submit ğŸ‡»ğŸ‡³,2022-12-10T08:25:11Z,1891593,,PT28M33S,
Visiting The World&#39;s Most Dangerous Country ğŸ‡¦ğŸ‡«,2022-10-08T08:53:23Z,5954187,,PT1H12M29S,
The Journey Is Over ğŸ‡·ğŸ‡º,2022-09-01T12:06:02Z,4255021,,PT30M59S,ğŸ‡·ğŸ‡º RUSSIA ğŸ‡·ğŸ‡º
The Journey Is Over ğŸ‡·ğŸ‡º,2022-09-01T12:06:02Z,4255021,,PT30M59S,ğŸ‡·ğŸ‡º RUSSIA ğŸ‡·ğŸ‡º
Solo Through Romania&#39;s Dark Past ğŸ‡·ğŸ‡´,2022-08-05T19:44:57Z,3560182,,PT50M46S,
Solo Through Romania&#39;s Dark Past ğŸ‡·ğŸ‡´,2022-08-05T19:44:57Z,3560182,,PT50M46S,
This Video Caused An International Incident! ( Spaceship Discovery ),2022-07-31T07:16:32Z,4932117,,PT40M31S,â˜­ Soviet Playlist â˜­
This Video Caused An International Incident! ( Spaceship Discovery ),2022-07-31T07:16:32Z,4932117,,PT40M31S,â˜­ Soviet Playlist â˜­
This Is Britain! ğŸ‡¬ğŸ‡§ ( Nation of Madlads ),2022-06-21T17:44:27Z,4405572,,PT50M10S,
Entering A Mysterious Exclave You&#39;ve Never Heard Of  ( In A Soviet Bi-plane ),2022-05-17T12:00:28Z,3275129,,PT33M28S,â˜­ Soviet Playlist â˜­
The Syria The Media Won&#39;t Show You ğŸ‡¸ğŸ‡¾,2022-04-24T16:03:59Z,4324213,,PT50M39S,
Leaving Kyiv On A Refugee Train ğŸ‡ºğŸ‡¦,2022-02-28T14:18:19Z,7261140,,PT19M46S,"ğŸ‡ºğŸ‡¦ Ukraine ğŸ‡ºğŸ‡¦, â˜­ Soviet Playlist â˜­"
Solo Along The Ukrainian-Russian Border ( One Day Before Invasion ),2022-02-27T12:43:40Z,4811929,,PT18M58S,"ğŸ‡ºğŸ‡¦ Ukraine ğŸ‡ºğŸ‡¦, â˜­ Soviet Playlist â˜­"
Avoid this Soviet Exclave!,2022-01-15T13:37:59Z,4722269,,PT44M29S,â˜­ Soviet Playlist â˜­
Avoid this Soviet Exclave!,2022-01-15T13:37:59Z,4722269,,PT44M29S,â˜­ Soviet Playlist â˜­
I Got Drunk With Lithuania&#39;s Most Notorious Gangster ğŸ‡±ğŸ‡¹,2021-11-23T22:56:55Z,2539019,,PT15M21S,â˜­ Soviet Playlist â˜­
Visaginas: Lithuania&#39;s Nuclear Town  ğŸ‡±ğŸ‡¹,2021-11-19T14:23:09Z,2231893,,PT22M39S,
Looking For A Drink In Deepest Siberia ğŸ‡·ğŸ‡º,2021-10-22T09:33:26Z,4982144,,PT29M15S,"â˜­ Soviet Playlist â˜­, ğŸ‡·ğŸ‡º RUSSIA ğŸ‡·ğŸ‡º"
Looking For Love In A Ukrainian Village ( Isn&#39;t Easy ) ğŸ‡ºğŸ‡¦,2021-08-29T10:59:46Z,1686249,,PT13M53S,ğŸ‡ºğŸ‡¦ Ukraine ğŸ‡ºğŸ‡¦
Looking For Love In A Ukrainian Village ( Isn&#39;t Easy ) ğŸ‡ºğŸ‡¦,2021-08-29T10:59:46Z,1686249,,PT13M53S,ğŸ‡ºğŸ‡¦ Ukraine ğŸ‡ºğŸ‡¦
Dodgy Burgers And Gopnik Dogs In Ukraine ğŸ‡ºğŸ‡¦,2021-08-23T09:15:40Z,1739353,,PT23M43S,ğŸ‡ºğŸ‡¦ Ukraine ğŸ‡ºğŸ‡¦
Dodgy Burgers And Gopnik Dogs In Ukraine ğŸ‡ºğŸ‡¦,2021-08-23T09:15:40Z,1739353,,PT23M43S,ğŸ‡ºğŸ‡¦ Ukraine ğŸ‡ºğŸ‡¦
Ukraine&#39;s Frustratingly Long City: Kryvyi Rih ğŸ‡ºğŸ‡¦,2021-08-10T16:32:45Z,2139369,,PT28M28S,"ğŸ‡ºğŸ‡¦ Ukraine ğŸ‡ºğŸ‡¦, â˜­ Soviet Playlist â˜­"
Ukraine&#39;s Frustratingly Long City: Kryvyi Rih ğŸ‡ºğŸ‡¦,2021-08-10T16:32:45Z,2139369,,PT28M28S,"ğŸ‡ºğŸ‡¦ Ukraine ğŸ‡ºğŸ‡¦, â˜­ Soviet Playlist â˜­"
KhTZ: Ukraine&#39;s Most Dangerous Hood ğŸ‡ºğŸ‡¦,2021-08-05T21:24:13Z,6971318,,PT21M38S,"ğŸ‡ºğŸ‡¦ Ukraine ğŸ‡ºğŸ‡¦, â˜­ Soviet Playlist â˜­"
The Ukraine You&#39;ve Never Seen before ğŸ‡ºğŸ‡¦,2021-03-01T16:32:14Z,2654176,,PT33M12S,ğŸ‡ºğŸ‡¦ Ukraine ğŸ‡ºğŸ‡¦
The Road To Karabakh ğŸ‡¦ğŸ‡²,2021-01-07T11:42:33Z,2494576,,PT24M24S,"ğŸ‡¦ğŸ‡²ARMENIAğŸ‡¦ğŸ‡², â˜­ Soviet Playlist â˜­"
Mexico&#39;s Worst Breakfast ğŸ‡²ğŸ‡½,2020-12-30T06:57:30Z,1899417,,PT9M39S,ğŸ‡²ğŸ‡½ Viva Mexico! ğŸ‡²ğŸ‡½
Hunting The Caspian Sea Monster ğŸ‡·ğŸ‡º,2020-11-28T22:36:40Z,3435932,,PT43M10S,"â˜­ Soviet Playlist â˜­, ğŸ‡·ğŸ‡º RUSSIA ğŸ‡·ğŸ‡º"
Would You Drive This Mountain Road? ğŸ‡°ğŸ‡¬,2020-11-04T11:15:49Z,1507171,,PT13M32S,
Solo In A Closed Soviet City â›”ï¸,2020-11-03T10:15:56Z,1965098,,PT19M8S,
I Slept In Kyrgyzstan&#39;s Worst Hotel ğŸ‡°ğŸ‡¬,2020-11-01T19:57:03Z,3346054,,PT26M,â˜­ Soviet Playlist â˜­
Hitching Through Sinaloa | Mexico&#39;s Narco State ğŸ‡²ğŸ‡½,2020-10-03T15:26:35Z,5040949,,PT22M41S,ğŸ‡²ğŸ‡½ Viva Mexico! ğŸ‡²ğŸ‡½
Trying Mexico&#39;s Village Blood Drink ğŸ‡²ğŸ‡½,2020-10-02T09:11:49Z,1273346,,PT14M57S,ğŸ‡²ğŸ‡½ Viva Mexico! ğŸ‡²ğŸ‡½
Lost In Mexico City ğŸ‡²ğŸ‡½,2020-10-01T19:14:23Z,1094430,,PT16M29S,ğŸ‡²ğŸ‡½ Viva Mexico! ğŸ‡²ğŸ‡½
Solo In Mexico&#39;s Most Dangerous Barrio ğŸ‡²ğŸ‡½,2020-09-23T22:43:06Z,3384629,,PT10M1S,ğŸ‡²ğŸ‡½ Viva Mexico! ğŸ‡²ğŸ‡½
Solo In Mexico&#39;s Most Dangerous Barrio ğŸ‡²ğŸ‡½,2020-09-23T22:43:06Z,3384636,,PT10M1S,ğŸ‡²ğŸ‡½ Viva Mexico! ğŸ‡²ğŸ‡½
Midnight Tacos In Mexico City ğŸ‡²ğŸ‡½,2020-09-23T06:48:11Z,1614216,,PT12M8S,ğŸ‡²ğŸ‡½ Viva Mexico! ğŸ‡²ğŸ‡½
Czech This Out!ğŸ‡¨ğŸ‡¿,2020-09-10T18:45:20Z,1743923,,PT22M46S,
Eating Cow Brain With Albanians ğŸ‡¦ğŸ‡±,2020-09-07T18:03:43Z,1374493,,PT16M48S,ğŸ‡¦ğŸ‡±ALBANIAğŸ‡¦ğŸ‡±
Eating Cow Brain With Albanians ğŸ‡¦ğŸ‡±,2020-09-07T18:03:43Z,1374493,,PT16M48S,ğŸ‡¦ğŸ‡±ALBANIAğŸ‡¦ğŸ‡±
This Country Was Ready For War! ğŸ‡¦ğŸ‡±,2020-09-02T14:15:19Z,4438604,,PT33M5S,ğŸ‡¦ğŸ‡±ALBANIAğŸ‡¦ğŸ‡±
Forced To Drink From Shoe By Prague Bully ğŸ‡¨ğŸ‡¿,2020-08-27T14:46:53Z,1494464,,PT23M56S,
Solo Through The Chernobyl Swamp,2020-05-21T18:14:45Z,2702885,,PT19M5S,â˜­ Soviet Playlist â˜­
The Village That Disappeared ğŸ‡§ğŸ‡¾,2020-05-20T12:30:12Z,1484831,,PT10M7S,
Lost In No-Lockdown Minsk ğŸ‡§ğŸ‡¾,2020-05-16T13:53:06Z,1696180,,PT12M2S,
I Tried Every Beer In Belarus...It Took Three Days,2020-05-14T09:28:54Z,2760179,,PT26M28S,
The Country Where They Didn&#39;t Lockdown!,2020-05-09T18:03:05Z,2589235,,PT11M6S,
Would You Try This Armenian Food?! ğŸ‡¦ğŸ‡²,2020-03-14T20:53:36Z,2248248,,PT12M43S,ğŸ‡¦ğŸ‡²ARMENIAğŸ‡¦ğŸ‡²
Look What I Found In Armenia! ğŸ‡¦ğŸ‡²,2020-03-11T13:44:34Z,1837533,,PT16M6S,ğŸ‡¦ğŸ‡²ARMENIAğŸ‡¦ğŸ‡²
Would You Ride The COVID Express?,2020-03-09T20:44:38Z,2472788,,PT13M39S,ğŸ‡¬ğŸ‡ª Georgia ğŸ‡¬ğŸ‡ª
Smuggling A Street-Cat out of Cuba ğŸ‡¨ğŸ‡º,2020-03-04T17:57:17Z,2359329,,PT13M24S,ğŸ‡¨ğŸ‡ºCUBAğŸ‡¨ğŸ‡º
Smuggling A Street-Cat out of Cuba ğŸ‡¨ğŸ‡º,2020-03-04T17:57:17Z,2359329,,PT13M24S,ğŸ‡¨ğŸ‡ºCUBAğŸ‡¨ğŸ‡º
This Man Threw My Beer Away! ğŸ‡¨ğŸ‡º,2020-02-21T16:56:48Z,1584282,,PT20M10S,ğŸ‡¨ğŸ‡ºCUBAğŸ‡¨ğŸ‡º
Could You Live In This Country? ğŸ‡¨ğŸ‡º,2020-02-17T21:10:12Z,2829766,,PT10M55S,ğŸ‡¨ğŸ‡ºCUBAğŸ‡¨ğŸ‡º
You Won&#39;t Believe This Cuban Bus! ğŸ‡¨ğŸ‡º,2020-02-14T22:22:55Z,2300909,,PT14M24S,ğŸ‡¨ğŸ‡ºCUBAğŸ‡¨ğŸ‡º
You Won&#39;t Believe This Cuban Bus! ğŸ‡¨ğŸ‡º,2020-02-14T22:22:55Z,2300909,,PT14M24S,ğŸ‡¨ğŸ‡ºCUBAğŸ‡¨ğŸ‡º
The Cuba They Don&#39;t Want You To See ğŸ‡¨ğŸ‡º,2020-02-11T02:53:22Z,6161322,,PT18M46S,ğŸ‡¨ğŸ‡ºCUBAğŸ‡¨ğŸ‡º
The Cuba They Don&#39;t Want You To See ğŸ‡¨ğŸ‡º,2020-02-11T02:53:22Z,6161311,,PT18M46S,ğŸ‡¨ğŸ‡ºCUBAğŸ‡¨ğŸ‡º
Inside Chernobyl&#39;s Abandoned Ghost Town | Pripyat,2020-01-12T13:18:58Z,2500417,,PT12M53S,
Don&#39;t Film In This African Country! ğŸ‡²ğŸ‡·,2020-01-07T02:57:03Z,3083749,,PT14M40S,ğŸ‡²ğŸ‡·MAURITANIAğŸ‡²ğŸ‡·
Searching For The Chernobyl Resettlers,2019-12-24T22:10:07Z,3431234,,PT10M20S,â˜­ Soviet Playlist â˜­
Look Who I Found In The Chernobyl Zone!,2019-12-16T05:52:33Z,2879043,,PT10M12S,â˜­ Soviet Playlist â˜­
Alone In The Chernobyl Forest ğŸ‡§ğŸ‡¾,2019-12-14T15:26:54Z,925725,,PT12M9S,
KGB Encounters In Azerbaijan ğŸ‡¦ğŸ‡¿,2019-12-06T13:50:05Z,4931772,,PT19M5S,"ğŸ‡¦ğŸ‡¿AZERBAIJANğŸ‡¦ğŸ‡¿, â˜­ Soviet Playlist â˜­"
Searching For Ganja In Azerbaijan ğŸ‡¦ğŸ‡¿,2019-12-03T16:07:35Z,3169419,,PT23M4S,"ğŸ‡¦ğŸ‡¿AZERBAIJANğŸ‡¦ğŸ‡¿, â˜­ Soviet Playlist â˜­"
Would You Cross This Russian Border By Train? ğŸ‡·ğŸ‡º,2019-11-30T10:39:39Z,2571849,,PT14M51S,ğŸ‡·ğŸ‡º RUSSIA ğŸ‡·ğŸ‡º
Stranded In Russia&#39;s Creepiest Village,2019-11-15T08:42:40Z,4354250,,PT20M26S,"â˜­ Soviet Playlist â˜­, ğŸ‡·ğŸ‡º RUSSIA ğŸ‡·ğŸ‡º"
Visiting A Soviet Barber Shop!,2019-11-13T14:23:05Z,2322444,,PT15M10S,ğŸ‡·ğŸ‡º RUSSIA ğŸ‡·ğŸ‡º
Hanging With The Elders Of Dagestan,2019-11-11T14:45:02Z,2611536,,PT12M34S,ğŸ‡·ğŸ‡º RUSSIA ğŸ‡·ğŸ‡º
Would You Ride The Night Train To Chechnya?,2019-11-05T15:20:09Z,3496264,,PT10M7S,"â˜­ Soviet Playlist â˜­, ğŸ‡·ğŸ‡º RUSSIA ğŸ‡·ğŸ‡º"
Escape From The Bolivian Village: A Babushka Boy Adventure,2019-10-25T18:37:05Z,1095473,,PT11M15S,ğŸ‡§ğŸ‡´ Bolivia ğŸ‡§ğŸ‡´
Entering A Bolivian Village...With A Briefcase,2019-10-23T10:17:17Z,2540502,,PT11M37S,ğŸ‡§ğŸ‡´ Bolivia ğŸ‡§ğŸ‡´
I Got Kicked Out Of A Bolivian Village!,2019-10-21T10:05:58Z,3395278,,PT11M38S,ğŸ‡§ğŸ‡´ Bolivia ğŸ‡§ğŸ‡´
I Got Kicked Out Of A Bolivian Village!,2019-10-21T10:05:58Z,3395278,,PT11M38S,ğŸ‡§ğŸ‡´ Bolivia ğŸ‡§ğŸ‡´
A Short Film About Buying A Bolivian Hat ( Not Clickbait! ),2019-10-18T07:39:30Z,669507,,PT10M8S,ğŸ‡§ğŸ‡´ Bolivia ğŸ‡§ğŸ‡´
Solo In Bolivia&#39;s Most Dangerous Hood,2019-10-17T11:20:35Z,9039104,,PT12M28S,ğŸ‡§ğŸ‡´ Bolivia ğŸ‡§ğŸ‡´
Solo In Bolivia&#39;s Most Dangerous Hood,2019-10-17T11:20:35Z,9039114,,PT12M28S,ğŸ‡§ğŸ‡´ Bolivia ğŸ‡§ğŸ‡´
Delivering Vodka In The Chernobyl Zone ğŸ‡§ğŸ‡¾,2019-09-22T07:23:13Z,3687874,,PT10M30S,"â˜­ Soviet Playlist â˜­, ğŸ‡§ğŸ‡¾ THE OTHER CHERNOBYL ğŸ‡§ğŸ‡¾"
I Found A Soviet Goblin! ( Jump Scare Warning! ),2019-09-10T02:04:17Z,2727708,,PT16M28S,â˜­ Soviet Playlist â˜­
KARABASH...Russia&#39;s Toxic Town,2019-09-08T08:42:19Z,2867825,,PT21M29S,"â˜­ Soviet Playlist â˜­, ğŸ‡·ğŸ‡º RUSSIA ğŸ‡·ğŸ‡º"
ğŸ‡·ğŸ‡º Would You Live Here?! ( ft. NFKRZ ),2019-09-06T04:37:46Z,2088311,,PT21M32S,ğŸ‡·ğŸ‡º RUSSIA ğŸ‡·ğŸ‡º
What Did I just Step On Inside This Church?!,2019-09-01T07:18:23Z,1623592,,PT16M52S,ğŸ‡·ğŸ‡º RUSSIA ğŸ‡·ğŸ‡º
You Won&#39;t Believe This Russian Road!,2019-08-27T18:55:19Z,2012763,,PT17M55S,ğŸ‡·ğŸ‡º RUSSIA ğŸ‡·ğŸ‡º
You Won&#39;t Believe This Russian Road!,2019-08-27T18:55:19Z,2012763,,PT17M55S,ğŸ‡·ğŸ‡º RUSSIA ğŸ‡·ğŸ‡º
Russian Villager Shocked By His Selfie!,2019-08-25T13:52:52Z,1877472,,PT13M13S,ğŸ‡·ğŸ‡º RUSSIA ğŸ‡·ğŸ‡º
I Scared A Russian Babushka...,2019-08-23T06:07:00Z,2006009,,PT14M39S,ğŸ‡·ğŸ‡º RUSSIA ğŸ‡·ğŸ‡º
Village Babushka Dances For Englishman In Russia,2019-08-22T05:20:09Z,1357252,,PT12M13S,ğŸ‡·ğŸ‡º RUSSIA ğŸ‡·ğŸ‡º
Would You Ride This Russian Train?,2019-08-20T21:42:37Z,2955701,,PT12M21S,"â˜­ Soviet Playlist â˜­, ğŸ‡·ğŸ‡º RUSSIA ğŸ‡·ğŸ‡º"
Would You Do This?,2019-08-02T19:12:08Z,2177721,,PT28M1S,
Partying In Europe&#39;s Biggest Slum | Lunik IX,2019-07-21T11:37:13Z,3506969,,PT13M5S,â˜­ Soviet Playlist â˜­
The Worst Fisherwoman On The Black Sea!,2019-07-12T11:04:27Z,1869985,,PT16M19S,ğŸ‡¬ğŸ‡ª Georgia ğŸ‡¬ğŸ‡ª
I Found Europe&#39;s Strangest Town!,2019-07-09T15:31:07Z,1359095,,PT16M43S,ğŸ‡¬ğŸ‡ª Georgia ğŸ‡¬ğŸ‡ª
Caught Sneaking Into Stalin&#39;s Sanatorium!,2019-07-01T23:38:01Z,2421841,,PT12M12S,ğŸ‡¬ğŸ‡ª Georgia ğŸ‡¬ğŸ‡ª
Caught Sneaking Into Stalin&#39;s Sanatorium!,2019-07-01T23:38:01Z,2421844,,PT12M12S,ğŸ‡¬ğŸ‡ª Georgia ğŸ‡¬ğŸ‡ª
This Is Georgia...Get Ready!,2019-06-29T21:16:32Z,1311994,,PT1M33S,ğŸ‡¬ğŸ‡ª Georgia ğŸ‡¬ğŸ‡ª
Stalin&#39;s Soviet Theme Park!,2019-06-27T00:34:51Z,1898815,,PT13M53S,ğŸ‡·ğŸ‡º RUSSIA ğŸ‡·ğŸ‡º
Don&#39;t Do This In Russia!,2019-06-25T06:01:53Z,3801797,,PT9M14S,"â˜­ Soviet Playlist â˜­, ğŸ‡·ğŸ‡º RUSSIA ğŸ‡·ğŸ‡º"
Hidden Rooms In Moscow&#39;s Soviet Hotel,2019-06-23T03:11:02Z,1918384,,PT11M16S,ğŸ‡·ğŸ‡º RUSSIA ğŸ‡·ğŸ‡º
Return To The Last House In The Chernobyl  Zone ğŸ‡§ğŸ‡¾,2019-05-27T14:07:53Z,2581883,,PT14M14S,ğŸ‡§ğŸ‡¾ THE OTHER CHERNOBYL ğŸ‡§ğŸ‡¾
Chernobyl Village BBQ Gone Wrong! ğŸ‡§ğŸ‡¾,2019-05-19T08:51:22Z,8089354,,PT12M40S,"â˜­ Soviet Playlist â˜­, ğŸ‡§ğŸ‡¾ THE OTHER CHERNOBYL ğŸ‡§ğŸ‡¾"
The Last House In The Chernobyl Village,2019-05-16T23:07:31Z,5737281,,PT18M17S,"â˜­ Soviet Playlist â˜­, ğŸ‡§ğŸ‡¾ THE OTHER CHERNOBYL ğŸ‡§ğŸ‡¾"
Could You Pass The Russian Gopnik Test?!,2019-05-08T16:40:27Z,3562895,,PT20M54S,"â˜­ Soviet Playlist â˜­, ğŸ‡§ğŸ‡¾ THE OTHER CHERNOBYL ğŸ‡§ğŸ‡¾"
Punched By Moldova&#39;s Toughest BOMZH,2019-05-01T15:57:14Z,2296275,,PT9M35S,ğŸ‡²ğŸ‡© Moldova ğŸ‡²ğŸ‡©
I Got Drunk With Babushkas ğŸ·,2019-04-22T21:09:02Z,3428926,,PT13M44S,"â˜­ Soviet Playlist â˜­, ğŸ‡²ğŸ‡© Moldova ğŸ‡²ğŸ‡©"
This Country Does Not Exist! | Transnistria,2019-04-19T12:37:11Z,6733427,,PT18M31S,"â˜­ Soviet Playlist â˜­, ğŸ‡²ğŸ‡© Moldova ğŸ‡²ğŸ‡©"
The Road To Ratus ğŸ‡²ğŸ‡©,2019-04-13T22:17:07Z,2166434,,PT19M13S,ğŸ‡²ğŸ‡© Moldova ğŸ‡²ğŸ‡©
Nobody Visits This Country...Find Out Why,2019-04-11T12:56:25Z,11455079,,PT16M24S,"â˜­ Soviet Playlist â˜­, ğŸ‡²ğŸ‡© Moldova ğŸ‡²ğŸ‡©"
ğŸ‡§ğŸ‡¾ Goodbye Belarus,2019-03-22T04:52:48Z,1644445,,PT14M49S,ğŸ‡§ğŸ‡¾ THE OTHER CHERNOBYL ğŸ‡§ğŸ‡¾
The Gangs Of Chechersk ğŸ‡§ğŸ‡¾,2019-03-19T21:46:19Z,2454463,,PT9M48S,ğŸ‡§ğŸ‡¾ THE OTHER CHERNOBYL ğŸ‡§ğŸ‡¾
Inside The Belarus Chernobyl Zone ğŸ‡§ğŸ‡¾,2019-03-18T19:12:44Z,5253052,,PT19M2S,"â˜­ Soviet Playlist â˜­, ğŸ‡§ğŸ‡¾ THE OTHER CHERNOBYL ğŸ‡§ğŸ‡¾"
I Stayed In Europe&#39;s Cheapest Hotel! ğŸ‡§ğŸ‡¾,2019-03-17T02:09:12Z,2035383,,PT5M53S,ğŸ‡§ğŸ‡¾ THE OTHER CHERNOBYL ğŸ‡§ğŸ‡¾
You Won&#39;t Believe This Is Europe In 2019! ğŸ‡§ğŸ‡¾,2019-03-08T11:22:28Z,3825564,,PT15M16S,"â˜­ Soviet Playlist â˜­, ğŸ‡§ğŸ‡¾ THE OTHER CHERNOBYL ğŸ‡§ğŸ‡¾"
Lost In Deepest Belarus ğŸ‡§ğŸ‡¾,2019-03-07T12:14:32Z,2416470,,PT24M28S,ğŸ‡§ğŸ‡¾ THE OTHER CHERNOBYL ğŸ‡§ğŸ‡¾
Belarus Girl Invites Me for Lunch...I Have To Pay! ğŸ‡§ğŸ‡¾,2019-03-05T07:26:27Z,5224056,,PT21M6S,"â˜­ Soviet Playlist â˜­, ğŸ‡§ğŸ‡¾ THE OTHER CHERNOBYL ğŸ‡§ğŸ‡¾"
Pink Sausages And Vodka | Journey to The Provinces Of Belarus ğŸ‡§ğŸ‡¾,2019-03-03T20:50:18Z,3290420,,PT23M6S,"â˜­ Soviet Playlist â˜­, ğŸ‡§ğŸ‡¾ THE OTHER CHERNOBYL ğŸ‡§ğŸ‡¾"
Russian Girls Try Indian Food For The First Time! ğŸ‡®ğŸ‡³,2019-02-25T19:45:03Z,3586789,,PT11M28S,"ğŸ‡§ğŸ‡¾ THE OTHER CHERNOBYL ğŸ‡§ğŸ‡¾, ğŸ‡·ğŸ‡º RUSSIA ğŸ‡·ğŸ‡º, ğŸ‡®ğŸ‡³ INDIA ğŸ‡®ğŸ‡³"
These Guys Will Crush Pewdiepie | India&#39;s YouTube Sensations ğŸ‡®ğŸ‡³,2019-02-16T03:48:42Z,298000,,PT2M47S,
Is Your Country This Crazy? | UFC On The Street ğŸ‡®ğŸ‡³,2019-02-15T06:49:33Z,2899431,,PT4M5S,
You Won&#39;t Believe What Indians Are Reading! | India&#39;s Largest Second Hand Book Market ğŸ‡®ğŸ‡³,2019-02-14T08:19:58Z,1182875,,PT10M14S,
ğŸ‡®ğŸ‡³ Trying $0.25 Spicy Tibetan Laping Noodles | India Food Vlog,2019-02-14T05:12:36Z,1472748,,PT5M50S,ğŸ‡®ğŸ‡³ INDIA ğŸ‡®ğŸ‡³
Could You Handle This Traffic? | Delhi&#39;s Craziest Junction ğŸ‡®ğŸ‡³,2019-02-12T13:28:28Z,588703,,PT10M23S,ğŸ‡®ğŸ‡³ INDIA ğŸ‡®ğŸ‡³
Money Necklace Social Experiment | Thieve&#39;s Market India ğŸ‡®ğŸ‡³,2019-02-11T08:14:36Z,521159,,PT4M49S,ğŸ‡®ğŸ‡³ INDIA ğŸ‡®ğŸ‡³
ğŸº Trying Diablo | Burma&#39;s Strongest Drink,2019-02-06T08:54:26Z,810788,,PT4M46S,ğŸ‡²ğŸ‡² Burma ğŸ‡²ğŸ‡²
ğŸº Trying Diablo | Burma&#39;s Strongest Drink,2019-02-06T08:54:26Z,810788,,PT4M46S,ğŸ‡²ğŸ‡² Burma ğŸ‡²ğŸ‡²
ğŸ‡²ğŸ‡² The Road To Mandalay | Burma Travels,2019-02-06T05:14:38Z,1157266,,PT13M26S,ğŸ‡²ğŸ‡² Burma ğŸ‡²ğŸ‡²
ğŸ‡²ğŸ‡² Lost In Burma | Adventures In Squiggle Town,2019-02-05T12:55:05Z,539994,,PT5M38S,ğŸ‡²ğŸ‡² Burma ğŸ‡²ğŸ‡²
World&#39;s Cheapest Barber Shop | Unexpected Ending In Burma!,2019-02-04T13:41:54Z,545766,,PT4M7S,ğŸ‡²ğŸ‡² Burma ğŸ‡²ğŸ‡²
ğŸ‡²ğŸ‡² Trying 20Â¢ Cold Burmese Noodles | Worst Meal Ever!,2019-02-03T09:23:24Z,914084,,PT4M24S,ğŸ‡²ğŸ‡² Burma ğŸ‡²ğŸ‡²
Crossing The India-Burma Border On Foot | Welcome To Squiggle Town,2019-02-02T14:02:14Z,2581404,,PT24M44S,"ğŸ‡²ğŸ‡² Burma ğŸ‡²ğŸ‡², ğŸ‡®ğŸ‡³ INDIA ğŸ‡®ğŸ‡³"
Crossing The India-Burma Border On Foot | Welcome To Squiggle Town,2019-02-02T14:02:14Z,2581404,,PT24M44S,"ğŸ‡²ğŸ‡² Burma ğŸ‡²ğŸ‡², ğŸ‡®ğŸ‡³ INDIA ğŸ‡®ğŸ‡³"
Inside India&#39;s Smuggling Town ğŸ‡®ğŸ‡³,2019-02-01T05:08:49Z,1809885,,PT16M52S,ğŸ‡®ğŸ‡³ INDIA ğŸ‡®ğŸ‡³
India&#39;s Unknown Border | Journey To The Edge Of India ğŸ‡®ğŸ‡³,2019-01-29T06:18:58Z,2313515,,PT22M43S,ğŸ‡®ğŸ‡³ INDIA ğŸ‡®ğŸ‡³
ğŸ‡®ğŸ‡³ Trying $1.50 Banana Leaf Thali | India Food Vlog,2019-01-22T01:51:22Z,3600128,,PT7M43S,ğŸ‡®ğŸ‡³ INDIA ğŸ‡®ğŸ‡³
Is This India?! First Time In North East ğŸ‡®ğŸ‡³,2019-01-21T07:53:14Z,5571456,,PT18M47S,ğŸ‡®ğŸ‡³ INDIA ğŸ‡®ğŸ‡³
Foreigner Gives 3 Lakhs to Pakistani Refugees In Delhi!!! ğŸ‡®ğŸ‡³,2019-01-18T03:25:42Z,1069591,,PT6M51S,ğŸ‡®ğŸ‡³ INDIA ğŸ‡®ğŸ‡³
Lost On GB Road | Tales From India ğŸ‡®ğŸ‡³,2018-12-26T11:33:34Z,2206274,,PT14M52S,ğŸ‡®ğŸ‡³ INDIA ğŸ‡®ğŸ‡³
Delhi&#39;s Worst Bazaar? | Paharganj ğŸ‡®ğŸ‡³,2018-12-20T05:34:02Z,2647685,,PT30M10S,ğŸ‡®ğŸ‡³ INDIA ğŸ‡®ğŸ‡³
ğŸ‡®ğŸ‡³ $2 Indian Street Massage | Pain or Pleasure?,2018-12-18T03:00:23Z,6944849,,PT13M44S,ğŸ‡®ğŸ‡³ INDIA ğŸ‡®ğŸ‡³
Narendra Modi Why Won&#39;t You Help These Hindus?!,2018-12-15T17:58:27Z,1778984,,PT17M48S,ğŸ‡®ğŸ‡³ INDIA ğŸ‡®ğŸ‡³
Narendra Modi Why Won&#39;t You Help These Hindus?!,2018-12-15T17:58:27Z,1778984,,PT17M48S,ğŸ‡®ğŸ‡³ INDIA ğŸ‡®ğŸ‡³
Varanasi Religious Night Market ğŸ•‰,2018-12-14T20:34:43Z,917610,,PT11M26S,
Varanasi Religious Night Market ğŸ•‰,2018-12-14T20:34:43Z,917610,,PT11M26S,
Avoiding Religious Scammers And Touts In Varanasi ğŸ•‰,2018-12-14T13:28:00Z,4408825,,PT22M4S,ğŸ‡®ğŸ‡³ INDIA ğŸ‡®ğŸ‡³
10 Things I Hate About India! ğŸ‡®ğŸ‡³,2018-12-13T11:00:24Z,3065887,,PT10M28S,ğŸ‡®ğŸ‡³ INDIA ğŸ‡®ğŸ‡³
Foreigner Teaches Essential Hindi Phrases ğŸ‡®ğŸ‡³,2018-12-13T04:50:33Z,576334,,PT24M30S,
"Sikh For A Day | Amritsar, India",2018-12-12T04:55:47Z,2775379,,PT26M22S,ğŸ‡®ğŸ‡³ INDIA ğŸ‡®ğŸ‡³
Morning Vegetable Market Tour ğŸ†ğŸŒğŸŒ½,2018-12-10T09:22:41Z,866711,,PT14M41S,ğŸ‡®ğŸ‡³ INDIA ğŸ‡®ğŸ‡³
ğŸ‡®ğŸ‡³ Trying $1 Punjabi Kulcha // Indian Food Vlog,2018-12-09T12:47:03Z,2975106,,PT7M23S,
I Give An Indian Man ğŸ† Advice  // Full Interview,2018-12-09T06:28:38Z,338431,,PT7M2S,
I Give An Indian Man ğŸ† Advice  // Full Interview,2018-12-09T06:28:38Z,338432,,PT7M2S,
Funny India - Pakistan Border Ceremony ğŸ‡®ğŸ‡³,2018-12-08T09:20:47Z,1251098,,PT9M12S,ğŸ‡®ğŸ‡³ INDIA ğŸ‡®ğŸ‡³
Foreigner Wears A Turban In India ğŸ‘³â€â™‚ï¸,2018-12-07T14:58:52Z,1501190,,PT6M38S,ğŸ‡®ğŸ‡³ INDIA ğŸ‡®ğŸ‡³
Tibetan Market &amp; Temple Tour // Delhi,2018-12-07T06:07:44Z,1360935,,PT23M58S,ğŸ‡®ğŸ‡³ INDIA ğŸ‡®ğŸ‡³
Tibetan Market &amp; Temple Tour // Delhi,2018-12-07T06:07:44Z,1360935,,PT23M58S,ğŸ‡®ğŸ‡³ INDIA ğŸ‡®ğŸ‡³
Delhi&#39;s  Secret Tibetan Colony | Majnu-ka-tilla,2018-12-06T12:49:19Z,1348169,,PT27M4S,ğŸ‡®ğŸ‡³ INDIA ğŸ‡®ğŸ‡³
On The Run From The Indian Police ğŸ‘¨ğŸ¾â€âœˆï¸,2018-12-02T11:06:23Z,1611382,,PT6M55S,ğŸ‡®ğŸ‡³ INDIA ğŸ‡®ğŸ‡³
On The Run From The Indian Police ğŸ‘¨ğŸ¾â€âœˆï¸,2018-12-02T11:06:23Z,1611382,,PT6M55S,ğŸ‡®ğŸ‡³ INDIA ğŸ‡®ğŸ‡³
Attacked At India&#39;s Most Expensive Hotel ğŸ‡®ğŸ‡³,2018-12-01T12:50:12Z,1971811,,PT4M45S,ğŸ‡®ğŸ‡³ INDIA ğŸ‡®ğŸ‡³
Crazy Indian Street Bar // Kingfeemer Time!,2018-11-28T14:22:20Z,1341070,,PT10M45S,ğŸ‡®ğŸ‡³ INDIA ğŸ‡®ğŸ‡³
Crazy Indian Street Bar // Kingfeemer Time!,2018-11-28T14:22:20Z,1341070,,PT10M45S,ğŸ‡®ğŸ‡³ INDIA ğŸ‡®ğŸ‡³
Rickshaw Scam | First Day Back In India!,2018-11-27T16:39:09Z,1991271,,PT9M15S,ğŸ‡®ğŸ‡³ INDIA ğŸ‡®ğŸ‡³
Rickshaw Scam | First Day Back In India!,2018-11-27T16:39:09Z,1991273,,PT9M15S,ğŸ‡®ğŸ‡³ INDIA ğŸ‡®ğŸ‡³
India&#39;s Russian Beach | Arambol ğŸ‡·ğŸ‡º,2018-11-20T19:37:28Z,5938559,,PT6M6S,ğŸ‡®ğŸ‡³ INDIA ğŸ‡®ğŸ‡³
Goa Beach Hotel Hunt India,2018-11-18T05:34:45Z,3947073,,PT14M21S,ğŸ‡®ğŸ‡³ INDIA ğŸ‡®ğŸ‡³
"Jodhpur Backstreet Tour,  India",2018-11-17T08:01:47Z,782687,,PT12M55S,
Foreigners Ride A Local Indian Bus!,2018-11-16T07:37:43Z,1383232,,PT11M37S,
Foreigners Ride A Local Indian Bus!,2018-11-16T07:37:43Z,1383232,,PT11M37S,
Indian Bus Scammer Exposed! ğŸ‡®ğŸ‡³,2018-11-14T07:31:23Z,1222496,,PT8M30S,ğŸ‡®ğŸ‡³ INDIA ğŸ‡®ğŸ‡³
Indian Bus Scammer Exposed! ğŸ‡®ğŸ‡³,2018-11-14T07:31:23Z,1222496,,PT8M30S,ğŸ‡®ğŸ‡³ INDIA ğŸ‡®ğŸ‡³
I Almost Died In India //Terrifying Fairground Ride,2018-11-13T21:06:39Z,2095870,,PT7M6S,ğŸ‡®ğŸ‡³ INDIA ğŸ‡®ğŸ‡³
Arrival In India,2018-11-13T13:13:00Z,1190515,,PT9M8S,
Avoid This Guy In India! | Crazy Beggar,2018-11-12T18:36:50Z,9800837,,PT4M49S,ğŸ‡®ğŸ‡³ INDIA ğŸ‡®ğŸ‡³
Avoid This Guy In India! | Crazy Beggar,2018-11-12T18:36:50Z,9800837,,PT4M49S,ğŸ‡®ğŸ‡³ INDIA ğŸ‡®ğŸ‡³
Exploring Mumbai&#39;s Oldest Market,2018-11-11T17:55:53Z,1185173,,PT23M46S,ğŸ‡®ğŸ‡³ INDIA ğŸ‡®ğŸ‡³
Riding The Rails In Mumbai // India,2018-11-10T07:38:41Z,170045,,PT2M38S,
Solo In India&#39;s Biggest Slum | Dharavi Mumbai,2018-11-10T05:05:50Z,3194819,,PT48M59S,ğŸ‡®ğŸ‡³ INDIA ğŸ‡®ğŸ‡³
Solo In India&#39;s Biggest Slum | Dharavi Mumbai,2018-11-10T05:05:50Z,3194819,,PT48M59S,ğŸ‡®ğŸ‡³ INDIA ğŸ‡®ğŸ‡³
Mumbai Mall Party,2018-11-09T16:46:21Z,1995020,,PT17M44S,ğŸ‡®ğŸ‡³ INDIA ğŸ‡®ğŸ‡³
Mumbai Mall Party,2018-11-09T16:46:21Z,1995020,,PT17M44S,ğŸ‡®ğŸ‡³ INDIA ğŸ‡®ğŸ‡³
Mumbai Islamic Market Hunt ğŸ•‹,2018-11-05T16:42:44Z,400127,,PT14M52S,
Bombay Bhabhi Market Hunt ğŸ†,2018-11-04T15:23:58Z,2564922,,PT13M27S,ğŸ‡®ğŸ‡³ INDIA ğŸ‡®ğŸ‡³
This Is How You Find A Job In India ğŸ‡®ğŸ‡³,2018-11-03T15:26:36Z,395548,,PT4M36S,
Goa To Mumbai Adventure ğŸ‡®ğŸ‡³,2018-11-01T20:15:35Z,993505,,PT11M,ğŸ‡®ğŸ‡³ INDIA ğŸ‡®ğŸ‡³
Mumbai Antique Market Hunt // Chor Bazaar,2018-11-01T07:56:28Z,2618297,,PT21M36S,ğŸ‡®ğŸ‡³ INDIA ğŸ‡®ğŸ‡³
India $1 Gym Workout ğŸ‡®ğŸ‡³,2018-10-30T16:37:20Z,1141291,,PT5M4S,
India $1 Gym Workout ğŸ‡®ğŸ‡³,2018-10-30T16:37:20Z,1141291,,PT5M4S,
Ancient Indian Technology Revealed,2018-10-25T13:18:46Z,101902,,PT3M15S,
Motorcycle Hunt In Udaipur India,2018-10-24T16:45:25Z,1330437,,PT8M12S,ğŸ‡®ğŸ‡³ INDIA ğŸ‡®ğŸ‡³
Wild Welcome In Jodhpur ( India ),2018-10-22T04:22:53Z,275719,,PT5M55S,
Royal Enfield Rajasthan Fort Hunt,2018-10-20T02:23:19Z,322500,,PT12M42S,
Royal Enfield Rajasthan Fort Hunt,2018-10-20T02:23:19Z,322500,,PT12M42S,
India Cobra Safari,2018-10-19T14:35:19Z,230935,,PT6M11S,
Motorcycling India With Harald Baldr,2018-10-19T03:36:04Z,417226,,PT5M41S,
Delhi Hotel Hunt,2018-10-18T06:17:08Z,917248,,PT7M51S,ğŸ‡®ğŸ‡³ INDIA ğŸ‡®ğŸ‡³
India Street Food At The Delhi Funfair,2018-10-18T03:33:48Z,1192901,,PT5M23S,ğŸ‡®ğŸ‡³ INDIA ğŸ‡®ğŸ‡³
"Bargaining At Thieve&#39;s Market | Chor Bazaar, Delhi",2018-10-17T09:13:30Z,3590081,,PT15M48S,ğŸ‡®ğŸ‡³ INDIA ğŸ‡®ğŸ‡³
Eating Indian Street Food In Delhi Night Market,2018-10-17T00:29:50Z,2360955,,PT5M17S,ğŸ‡®ğŸ‡³ INDIA ğŸ‡®ğŸ‡³
Two Foreigners Speaking Hindi In India,2018-10-16T19:49:45Z,1081126,,PT2M9S,
"Street Food At Thieve&#39;s Market | Chor Bazaar, Delhi",2018-10-16T17:34:27Z,1087118,,PT2M55S,
Khabib Returns To Dagestan ( UFC Part 6 ),2018-10-09T04:39:25Z,831017,,PT3M59S,"In Search Of Khabib: A Dagestan Journey ğŸ¤¼â€â™‚ï¸, ğŸ‡·ğŸ‡º RUSSIA ğŸ‡·ğŸ‡º"
Beslan: Russia&#39;s Tragedy,2018-10-07T20:02:10Z,282088,,PT5M15S,ğŸ‡·ğŸ‡º RUSSIA ğŸ‡·ğŸ‡º
Almost Khabib Time In Dagestan ( UFC Part 5 ),2018-10-07T19:16:35Z,846332,,PT6M58S,"In Search Of Khabib: A Dagestan Journey ğŸ¤¼â€â™‚ï¸, ğŸ‡·ğŸ‡º RUSSIA ğŸ‡·ğŸ‡º"
Lost In Chechnya ( UFC Part 4 ),2018-10-07T18:37:50Z,1047091,,PT9M24S,"In Search Of Khabib: A Dagestan Journey ğŸ¤¼â€â™‚ï¸, ğŸ‡·ğŸ‡º RUSSIA ğŸ‡·ğŸ‡º"
Eating In A Chechen Cafe,2018-10-05T22:19:47Z,2361325,,PT5M44S,ğŸ‡·ğŸ‡º RUSSIA ğŸ‡·ğŸ‡º
Heading To Chechnya ( UFC Part 3 ),2018-10-05T19:07:07Z,411993,,PT4M38S,"In Search Of Khabib: A Dagestan Journey ğŸ¤¼â€â™‚ï¸, ğŸ‡·ğŸ‡º RUSSIA ğŸ‡·ğŸ‡º"
Only In Russia! ğŸ‡·ğŸ‡º,2018-10-01T19:01:39Z,1097745,,PT2M50S,ğŸ‡·ğŸ‡º RUSSIA ğŸ‡·ğŸ‡º
Khabib Time Begins In Ingushetia ( UFC Part 2 ),2018-10-01T14:42:16Z,370095,,PT3M42S,"In Search Of Khabib: A Dagestan Journey ğŸ¤¼â€â™‚ï¸, ğŸ‡·ğŸ‡º RUSSIA ğŸ‡·ğŸ‡º"
Tuva Blues: &#39;Adventures In Throat Singing&#39;,2018-10-01T09:30:15Z,601912,,PT10M15S,ğŸ‡·ğŸ‡º RUSSIA ğŸ‡·ğŸ‡º
Watching UFC In Dagestan ( UFC Part 1 ),2018-09-28T11:25:46Z,401857,,PT4M38S,"In Search Of Khabib: A Dagestan Journey ğŸ¤¼â€â™‚ï¸, ğŸ‡·ğŸ‡º RUSSIA ğŸ‡·ğŸ‡º"
Journey To The Centre Of Asia,2018-09-27T18:29:53Z,307871,,PT4M17S,ğŸ‡·ğŸ‡º RUSSIA ğŸ‡·ğŸ‡º
English Cowboy In Russia,2018-09-25T21:52:25Z,389697,,PT6M14S,ğŸ‡·ğŸ‡º RUSSIA ğŸ‡·ğŸ‡º
Lost In Siberia ( 12 Hours In Uyar ),2018-09-25T10:41:06Z,1002604,,PT5M40S,ğŸ‡·ğŸ‡º RUSSIA ğŸ‡·ğŸ‡º
Crazy Russian Bus Ride,2018-09-23T08:37:53Z,931213,,PT7M51S,ğŸ‡·ğŸ‡º RUSSIA ğŸ‡·ğŸ‡º
Tuvan Throat Singing,2018-09-22T09:20:37Z,115645,,PT4M37S,ğŸ‡·ğŸ‡º RUSSIA ğŸ‡·ğŸ‡º
Visiting A Shaman In Tuva,2018-09-22T08:29:41Z,62156,,PT2M43S,
Soviet Hotel Review #4,2018-09-22T06:33:38Z,174099,,PT1M33S,â˜­ Soviet Hotel Reviews â˜­
One Hour On Lake Baikal,2018-09-22T05:36:38Z,173292,,PT1M42S,ğŸ‡·ğŸ‡º RUSSIA ğŸ‡·ğŸ‡º
Visiting Russia&#39;s Most Dangerous Town | ĞŸĞ¾ÑĞµÑ‰ĞµĞ½Ğ¸Ğµ ÑĞ°Ğ¼Ğ¾Ğ³Ğ¾ Ğ¾Ğ¿Ğ°ÑĞ½Ğ¾Ğ³Ğ¾ Ğ³Ğ¾Ñ€Ğ¾Ğ´Ğ° Ğ² Ğ Ğ¾ÑÑĞ¸Ğ¸,2018-09-21T15:39:41Z,1961266,,PT6M7S,ğŸ‡·ğŸ‡º RUSSIA ğŸ‡·ğŸ‡º
Russian Parkour! MUST WATCH!!!,2018-09-21T12:54:10Z,142844,,PT3M43S,ğŸ‡·ğŸ‡º RUSSIA ğŸ‡·ğŸ‡º
Soviet Hotel Review #3 The Mongoluk,2018-09-17T16:45:39Z,237110,,PT2M48S,â˜­ Soviet Hotel Reviews â˜­
"Soviet Hotel Review #2 Hotel Cosmos, Moscow",2018-08-31T11:05:56Z,334944,,PT3M8S,â˜­ Soviet Hotel Reviews â˜­
Do Not Study Russian Grammar!,2018-08-27T09:13:52Z,1175457,,PT4M50S,ğŸ‡·ğŸ‡º RUSSIA ğŸ‡·ğŸ‡º
The Cheapest Country In Europe? ğŸ‡§ğŸ‡¾,2018-08-26T09:44:15Z,3330505,,PT7M32S,ğŸ‡§ğŸ‡¾ THE OTHER CHERNOBYL ğŸ‡§ğŸ‡¾
Eating In A Soviet Restaurant,2018-08-22T16:36:35Z,1986940,,PT12M2S,
Eating In A Soviet Restaurant,2018-08-22T16:36:35Z,1986940,,PT12M2S,
"Soviet Hotel Review #1 Hotel Circus, Gomel",2018-08-21T19:51:59Z,326890,,PT3M10S,"ğŸ‡§ğŸ‡¾ THE OTHER CHERNOBYL ğŸ‡§ğŸ‡¾, â˜­ Soviet Hotel Reviews â˜­"
Exploring An Abandoned Indian Monastery,2018-07-16T19:13:10Z,434076,,PT7M37S,
Indian Truckers: World&#39;s Greatest Drivers,2018-07-13T16:59:51Z,711384,,PT5M59S,
Tea Time In The Himalayas,2018-06-21T21:55:01Z,778837,,PT5M38S,
A Foreigner Speaks Hindi  ( Like A Local ),2018-06-18T22:20:00Z,733031,,PT5M46S,
My Indian Stalker,2018-06-17T06:36:58Z,658039,,PT8M45S,ğŸ‡®ğŸ‡³ INDIA ğŸ‡®ğŸ‡³
WORLD&#39;S GREATEST ROAD TRIP - INDIA,2018-06-14T20:51:22Z,426108,,PT9M4S,
Hunting For India&#39;s Hijras,2018-06-13T18:16:49Z,1328601,,PT7M30S,
Hustled by Indian Girls,2018-06-13T05:34:42Z,462740,,PT4M16S,
India&#39;s Most Haunted Bridge,2018-06-12T21:02:11Z,377239,,PT3M38S,
I â¤ï¸ India&#39;s Policewomen,2018-06-12T15:01:08Z,2839182,,PT3M27S,
