Playlist Title,Video Titles,Video IDs
ğŸ‡ºğŸ‡¦ Ukraine ğŸ‡ºğŸ‡¦,"Solo Through War-Torn Donbass ğŸ‡ºğŸ‡¦, Party In A Ukrainian Soviet Village!, The Ukraine You've Never Seen before ğŸ‡ºğŸ‡¦, Looking For Love In A Ukrainian Village ( Isn't Easy ) ğŸ‡ºğŸ‡¦, KhTZ: Ukraine's Most Dangerous Hood ğŸ‡ºğŸ‡¦, Dodgy Burgers And Gopnik Dogs In Ukraine ğŸ‡ºğŸ‡¦, Ukraine's Frustratingly Long City: Kryvyi Rih ğŸ‡ºğŸ‡¦, Leaving Kyiv On A Refugee Train ğŸ‡ºğŸ‡¦, Solo Along The Ukrainian-Russian Border ( One Day Before Invasion )","['2bNzjBJF_G0', '-4kzBmmGyhA', 'quNyiLseWkg', 'RPUsuDTnnFM', 'cgV8q0rwUzs', 'VlEdku1-1gA', 'StvRgJBCaks', 'hzBxFH_hEwA', 'f2rBUvWKSZw']"
ğŸ‡¦ğŸ‡²ARMENIAğŸ‡¦ğŸ‡²,"The Road To Karabakh ğŸ‡¦ğŸ‡², Would You Try This Armenian Food?! ğŸ‡¦ğŸ‡², Look What I Found In Armenia! ğŸ‡¦ğŸ‡²","['_HBBSG7tAfQ', 'Mqf8pruqisU', 'eX_Etwy7ep8']"
ğŸ‡¦ğŸ‡±ALBANIAğŸ‡¦ğŸ‡±,"This Country Was Ready For War! ğŸ‡¦ğŸ‡±, Eating Cow Brain With Albanians ğŸ‡¦ğŸ‡±","['ROozLTYm_OQ', 'SrAA09YwDYo']"
ğŸ‡²ğŸ‡½ Viva Mexico! ğŸ‡²ğŸ‡½,"Hitching Through Sinaloa | Mexico's Narco State ğŸ‡²ğŸ‡½, Trying Mexico's Village Blood Drink ğŸ‡²ğŸ‡½, Lost In Mexico City ğŸ‡²ğŸ‡½, Solo In Mexico's Most Dangerous Barrio ğŸ‡²ğŸ‡½, Midnight Tacos In Mexico City ğŸ‡²ğŸ‡½, Mexico's Worst Breakfast ğŸ‡²ğŸ‡½","['cTxgcZcgLbk', 'uetA4Wf5i4Q', 'Y1HRGSE0U8A', 'dUIL_71zeLc', 'BFIrCReIPpY', 'mYU_tKMLZy0']"
ğŸ‡¦ğŸ‡¿AZERBAIJANğŸ‡¦ğŸ‡¿,"KGB Encounters In Azerbaijan ğŸ‡¦ğŸ‡¿, Searching For Ganja In Azerbaijan ğŸ‡¦ğŸ‡¿","['qGSfK55Ggs4', 'h1sRFc5FiZA']"
ğŸ‡¨ğŸ‡ºCUBAğŸ‡¨ğŸ‡º,"The Cuba They Don't Want You To See ğŸ‡¨ğŸ‡º, You Won't Believe This Cuban Bus! ğŸ‡¨ğŸ‡º, Could You Live In This Country? ğŸ‡¨ğŸ‡º, This Man Threw My Beer Away! ğŸ‡¨ğŸ‡º, Smuggling A Street-Cat out of Cuba ğŸ‡¨ğŸ‡º","['0RjRqS5vl-Q', 'ReZyQyoAdjA', 'wcseyA2aL8k', 'f3fDphcGRiE', '5aNxKGu6ccs']"
ğŸ‡²ğŸ‡·MAURITANIAğŸ‡²ğŸ‡·,"Would You Ride Africa's Worst Train? | 18 Hours In A Freight Truck, Don't Film In This African Country! ğŸ‡²ğŸ‡·","['1mL1aI6aabs', 'xV7glRVdNw8']"
â˜­ Soviet Playlist â˜­,"The BAM: Russia's Unknown Trans-Siberian TrainğŸ‡·ğŸ‡º, Lost In Kalmykia | Europe's Weirdest Republic, Entering A Mysterious Exclave You've Never Heard Of  ( In A Soviet Bi-plane ), This Video Caused An International Incident! ( Spaceship Discovery ), Ukraine's Frustratingly Long City: Kryvyi Rih ğŸ‡ºğŸ‡¦, I Got Drunk With Lithuania's Most Notorious Gangster ğŸ‡±ğŸ‡¹, Leaving Kyiv On A Refugee Train ğŸ‡ºğŸ‡¦, Solo Along The Ukrainian-Russian Border ( One Day Before Invasion ), KhTZ: Ukraine's Most Dangerous Hood ğŸ‡ºğŸ‡¦, The Road To Karabakh ğŸ‡¦ğŸ‡², Avoid this Soviet Exclave!, Nobody Visits This Country...Find Out Why, Chernobyl Village BBQ Gone Wrong! ğŸ‡§ğŸ‡¾, This Country Does Not Exist! | Transnistria, The Last House In The Chernobyl Village, Drinking Vodka In A Soviet Apartment...What Could Go Wrong?!, Inside The Belarus Chernobyl Zone ğŸ‡§ğŸ‡¾, Slavic Girl Meets Georgian Man, KGB Encounters In Azerbaijan ğŸ‡¦ğŸ‡¿, Return To The Belarus Chernobyl Zone...With Shopping Bags ğŸ‡§ğŸ‡¾, Belarus Girl Invites Me for Lunch...I Have To Pay! ğŸ‡§ğŸ‡¾, You Must Do THIS On Russian Trains!, Is This Really Europe?!, Solo Through War-Torn Donbass ğŸ‡ºğŸ‡¦, Back To The USSR | Lost In The Belarus Provinces ğŸ‡§ğŸ‡¾, Stranded In Russia's Creepiest Village, You Won't Believe This Is Europe In 2019! ğŸ‡§ğŸ‡¾, Delivering Vodka In The Chernobyl Zone ğŸ‡§ğŸ‡¾, Don't Do This In Russia!, Would You Ride The Night Train To Chechnya?, Searching For The Chernobyl Resettlers, Solo On The World's Longest Train Journey ğŸ‡·ğŸ‡º, Partying In Europe's Biggest Slum | Lunik IX, Solo In Estonia's East ğŸ‡ªğŸ‡ª, Party In A Ukrainian Soviet Village!, Could You Pass The Russian Gopnik Test?!, I Got Drunk With Babushkas ğŸ·, Chechnya Isn't What You'd Expect!, Searching For Ganja In Azerbaijan ğŸ‡¦ğŸ‡¿, Pink Sausages And Vodka | Journey to The Provinces Of Belarus ğŸ‡§ğŸ‡¾, Would You Ride This Russian Train?, I Slept In Kyrgyzstan's Worst Hotel ğŸ‡°ğŸ‡¬, The Secret Soviet Nuclear Bunker ğŸ‡²ğŸ‡©, Visiting The Witch Doctor, Hunting The Caspian Sea Monster ğŸ‡·ğŸ‡º, Look Who I Found In The Chernobyl Zone!, KARABASH...Russia's Toxic Town, Looking For A Drink In Deepest Siberia ğŸ‡·ğŸ‡º, I Found A Soviet Goblin! ( Jump Scare Warning! ), Solo Through The Chernobyl Swamp","['f2d7kJPimyE', 'bR_eA_c_Yts', '34XymEDY9Wc', '0fZ-r5Qe3tM', 'StvRgJBCaks', 'D7t5Mgv5js0', 'hzBxFH_hEwA', 'f2rBUvWKSZw', 'cgV8q0rwUzs', '_HBBSG7tAfQ', 'dmKRNQfp_Y0', 'wnDxHTaeNX0', 'q37qWA2cL5w', '5kVnrqBb6y4', 'FcOS4q0RD-w', 'oaletsYICyI', 'aIC73xZPLgU', 'BC7Oe0jB3dA', 'qGSfK55Ggs4', 'ISToBIkSNbM', 'zsa3XWw5hFE', '10m7VezKN-4', '-eg2Ew_c2XQ', '2bNzjBJF_G0', 'X74KhXTAigs', '6RQlQDp1uiU', 'rPprbc0U8yU', '7KwFEw1weqI', 'XkEh-6v6rDU', 'NZWOcYNr5oE', 'qQ5MTAXPMI0', 'kVB20yiNCPE', 'cG4aYsvgchA', '1ltZR9IWXaE', '-4kzBmmGyhA', '42DzIDtMJlY', '50pQHccrlHg', '-OVuFTp2DZQ', 'h1sRFc5FiZA', 'rsVhE4Qn7z8', 'ypjP7rTc-b4', 'XZ7-sGmNrDw', 'PgzwGjaTr98', '6LunxfjFkgk', 'V2xVSmzPzW4', 'hLSIDEBopxs', 'wa35Vx_07fQ', 'zTGd8TxWfDg', 'WFQtAhH2B_c', 'vZN3ooDtl9o']"
ğŸ‡§ğŸ‡´ Bolivia ğŸ‡§ğŸ‡´,"Solo In Bolivia's Most Dangerous Hood, I Got Kicked Out Of A Bolivian Village!, Entering A Bolivian Village...With A Briefcase, Avoid This Bolivian Taxi Driver!, Escape From The Bolivian Village: A Babushka Boy Adventure, A Short Film About Buying A Bolivian Hat ( Not Clickbait! ), Stranded On A Russian Highway!","['madplgRfebo', 'rSoFDivGIdc', 'dQJ5Z4oFvsQ', 'W-hw42Fdg2s', 'LzZNUKEGboU', 'c7McSZaH9Xw', 'VP_RXTn7gVU']"
ğŸ‡¬ğŸ‡ª Georgia ğŸ‡¬ğŸ‡ª,"Slavic Girl Meets Georgian Man, I Found Europe's Strangest Town!, Visiting The Witch Doctor, Caught Sneaking Into Stalin's Sanatorium!, The Worst Fisherwoman On The Black Sea!, She Has Lived In This Hotel For 25 Years!, I Gave A Lada Taxi Driver $3 And Said Drive!, This Is Georgia...Get Ready!, The Shocking Truth About Your Future! | Robert Kiyosaki, Bald and Bankrupt - Retro Intro, Would You Ride The COVID Express?","['BC7Oe0jB3dA', 'im_l1NA-AmM', '6LunxfjFkgk', 'KAU13mL1fr0', 'UeoYqP_2irI', 'yjF4jiOOdPY', 'gICk1Wc2cfw', 'E7-hZYnQV7E', 'ftBeTIDv8Vg', 'Byc12UOtw8U', 'C5TNecidRD0']"
ğŸ‡²ğŸ‡© Moldova ğŸ‡²ğŸ‡©,"This Country Does Not Exist! | Transnistria, Nobody Visits This Country...Find Out Why, The Road To Ratus ğŸ‡²ğŸ‡©, I Got Drunk With Babushkas ğŸ·, Punched By Moldova's Toughest BOMZH, The Secret Soviet Nuclear Bunker ğŸ‡²ğŸ‡©","['5kVnrqBb6y4', 'wnDxHTaeNX0', 'OYHMCMz47L4', '50pQHccrlHg', 'JOrjRU091Hk', 'PgzwGjaTr98']"
ğŸ‡§ğŸ‡¾ THE OTHER CHERNOBYL ğŸ‡§ğŸ‡¾,"Inside The Belarus Chernobyl Zone ğŸ‡§ğŸ‡¾, Drinking Vodka In A Soviet Apartment...What Could Go Wrong?!, The Last House In The Chernobyl Village, You Won't Believe This Is Europe In 2019! ğŸ‡§ğŸ‡¾, Could You Pass The Russian Gopnik Test?!, Back To The USSR | Lost In The Belarus Provinces ğŸ‡§ğŸ‡¾, Return To The Belarus Chernobyl Zone...With Shopping Bags ğŸ‡§ğŸ‡¾, Chernobyl Village BBQ Gone Wrong! ğŸ‡§ğŸ‡¾, Belarus Girl Invites Me for Lunch...I Have To Pay! ğŸ‡§ğŸ‡¾, Return To The Last House In The Chernobyl  Zone ğŸ‡§ğŸ‡¾, Delivering Vodka In The Chernobyl Zone ğŸ‡§ğŸ‡¾, Pink Sausages And Vodka | Journey to The Provinces Of Belarus ğŸ‡§ğŸ‡¾, Lost In Deepest Belarus ğŸ‡§ğŸ‡¾, You Must Do THIS On Russian Trains!, The Gangs Of Chechersk ğŸ‡§ğŸ‡¾, ğŸ‡§ğŸ‡¾ Goodbye Belarus, I Stayed In Europe's Cheapest Hotel! ğŸ‡§ğŸ‡¾, The Cheapest Country In Europe? ğŸ‡§ğŸ‡¾, Russian Girls Try Indian Food For The First Time! ğŸ‡®ğŸ‡³, Soviet Hotel Review #1 Hotel Circus, Gomel","['aIC73xZPLgU', 'oaletsYICyI', 'FcOS4q0RD-w', 'rPprbc0U8yU', '42DzIDtMJlY', 'X74KhXTAigs', 'ISToBIkSNbM', 'q37qWA2cL5w', 'zsa3XWw5hFE', 'lbThP55CtoQ', '7KwFEw1weqI', 'rsVhE4Qn7z8', 'YpCSXFZa0JQ', '10m7VezKN-4', 'fok2JbaUidU', 'DB2uXh0YMJk', '4qTE7bapkTw', '642qAOTKcxc', 'G7HIGx4OCzU', 'DZMwEjaSYtg']"
ğŸ‡²ğŸ‡² Burma ğŸ‡²ğŸ‡²,"Crossing The India-Burma Border On Foot | Welcome To Squiggle Town, ğŸ‡²ğŸ‡² Lost In Burma | Adventures In Squiggle Town, ğŸ‡²ğŸ‡² The Road To Mandalay | Burma Travels, ğŸ‡²ğŸ‡² Trying 20Â¢ Cold Burmese Noodles | Worst Meal Ever!, World's Cheapest Barber Shop | Unexpected Ending In Burma!, ğŸº Trying Diablo | Burma's Strongest Drink","['07NPy_P2iNU', 'tRC1_AK1-do', 'mPcdI77D1Hs', '-Lu_6_r5n1U', '1XkDqwS7gBk', 'ZELKvzHZBVg']"
In Search Of Khabib: A Dagestan Journey ğŸ¤¼â€â™‚ï¸,"Watching UFC In Dagestan ( UFC Part 1 ), Khabib Time Begins In Ingushetia ( UFC Part 2 ), Heading To Chechnya ( UFC Part 3 ), Lost In Chechnya ( UFC Part 4 ), Almost Khabib Time In Dagestan ( UFC Part 5 ), Khabib Returns To Dagestan ( UFC Part 6 )","['tEk4MyafACg', '77Qns3GADQ8', '2hDrq01YaA4', 'oDczB7g5F74', '7nTgiQZFuGw', 'ZdLz4FjPU30']"
ğŸ‡·ğŸ‡º RUSSIA ğŸ‡·ğŸ‡º,"The BAM: Russia's Unknown Trans-Siberian TrainğŸ‡·ğŸ‡º, Inside Perm 36: The Last Gulag, Hunting The Caspian Sea Monster ğŸ‡·ğŸ‡º, Would You Cross This Russian Border By Train? ğŸ‡·ğŸ‡º, Solo On The World's Longest Train Journey ğŸ‡·ğŸ‡º, Looking For A Drink In Deepest Siberia ğŸ‡·ğŸ‡º, Would You Ride This Russian Train?, Is This Really Europe?!, I Scared A Russian Babushka..., KARABASH...Russia's Toxic Town, Don't Do This In Russia!, Village Babushka Dances For Englishman In Russia, You Won't Believe This Russian Road!, Russian Villager Shocked By His Selfie!, ğŸ‡·ğŸ‡º Would You Live Here?! ( ft. NFKRZ ), Stalin's Soviet Theme Park!, Hidden Rooms In Moscow's Soviet Hotel, Tuva Blues: 'Adventures In Throat Singing', Eating In A Chechen Cafe, Watching UFC In Dagestan ( UFC Part 1 ), Khabib Time Begins In Ingushetia ( UFC Part 2 ), Heading To Chechnya ( UFC Part 3 ), Lost In Chechnya ( UFC Part 4 ), Almost Khabib Time In Dagestan ( UFC Part 5 ), Khabib Returns To Dagestan ( UFC Part 6 ), Do Not Study Russian Grammar!, Russian Girls Try Indian Food For The First Time! ğŸ‡®ğŸ‡³, Beslan: Russia's Tragedy, What Did I just Step On Inside This Church?!, Party In A Ukrainian Soviet Village!, Would You Ride The Night Train To Chechnya?, Chechnya Isn't What You'd Expect!, Hanging With The Elders Of Dagestan, Visiting A Soviet Barber Shop!, Stranded In Russia's Creepiest Village, Lost In Kalmykia | Europe's Weirdest Republic, Visiting Russia's Most Dangerous Town | ĞŸĞ¾ÑĞµÑ‰ĞµĞ½Ğ¸Ğµ ÑĞ°Ğ¼Ğ¾Ğ³Ğ¾ Ğ¾Ğ¿Ğ°ÑĞ½Ğ¾Ğ³Ğ¾ Ğ³Ğ¾Ñ€Ğ¾Ğ´Ğ° Ğ² Ğ Ğ¾ÑÑĞ¸Ğ¸, Only In Russia! ğŸ‡·ğŸ‡º, Lost In Siberia ( 12 Hours In Uyar ), Visiting Russia's Poorest Town ğŸ‡·ğŸ‡º, Crazy Russian Bus Ride, Journey To The Centre Of Asia, English Cowboy In Russia, One Hour On Lake Baikal, Russian Parkour! MUST WATCH!!!, Tuvan Throat Singing, Stranded On A Russian Highway!, The Journey Is Over ğŸ‡·ğŸ‡º, Eating The World's Smelliest Fruit! (Durian)","['f2d7kJPimyE', 'uDH_o8RqR0Y', 'V2xVSmzPzW4', 'o1bbazvx1O8', 'kVB20yiNCPE', 'zTGd8TxWfDg', 'ypjP7rTc-b4', '-eg2Ew_c2XQ', 'K89GTQ03bCQ', 'wa35Vx_07fQ', 'XkEh-6v6rDU', '0Qwz8Q4BBrk', 't-06FFQh6Zk', 'n7IIk--Y2hE', 'g42o1rLPq0A', 'V47PzGpmwXo', '31TPCwAcWLw', 'X8iKOnIBhsA', 'usSAo9R7D5c', 'tEk4MyafACg', '77Qns3GADQ8', '2hDrq01YaA4', 'oDczB7g5F74', '7nTgiQZFuGw', 'ZdLz4FjPU30', 'gcYCT9wEUuU', 'G7HIGx4OCzU', 'D0knAQL9WtM', 'RjykvLJ3DhU', '-4kzBmmGyhA', 'NZWOcYNr5oE', '-OVuFTp2DZQ', 'uIpiHofuFDQ', 'k3LuGqL1tRk', '6RQlQDp1uiU', 'bR_eA_c_Yts', 'OKdBomdqwkk', 'ha3dUbisRuk', 'pLEyPAVS9vw', 'ANyXBB4TMwY', 't3aaKIj00V4', '9bwjASpCHrI', '5vf7nnQG3LI', 'ileO8SNkv3s', 'W_SSp-MANH8', '8f1gqPteXVo', 'VP_RXTn7gVU', 'qyB1l-89KEk', '011rDK2bzxc']"
â˜­ Soviet Hotel Reviews â˜­,"Soviet Hotel Review #1 Hotel Circus, Gomel, Soviet Hotel Review #4, Soviet Hotel Review #3 The Mongoluk, Soviet Hotel Review #2 Hotel Cosmos, Moscow","['DZMwEjaSYtg', '23HwCUhclwA', 'X2MGT92MDQ4', 'BqJXwU_8UCU']"
ğŸ‡®ğŸ‡³ INDIA ğŸ‡®ğŸ‡³,"ğŸ‡®ğŸ‡³ $2 Indian Street Massage | Pain or Pleasure?, Where Tourists Don't GO ğŸ‡®ğŸ‡³, India's Russian Beach | Arambol ğŸ‡·ğŸ‡º, Is Your City This Crazy?! Mumbai Madness, Avoiding Religious Scammers And Touts In Varanasi ğŸ•‰, Crossing The India-Burma Border On Foot | Welcome To Squiggle Town, Is This India?! First Time In North East ğŸ‡®ğŸ‡³, Goa Beach Hotel Hunt India, Bargaining At Thieve's Market | Chor Bazaar, Delhi, Rickshaw Scam | First Day Back In India!, India's Toughest Street Gang, Avoid This Guy In India! | Crazy Beggar, Delhi's Worst Bazaar? | Paharganj ğŸ‡®ğŸ‡³, Attacked At India's Most Expensive Hotel ğŸ‡®ğŸ‡³, On The Run From The Indian Police ğŸ‘¨ğŸ¾â€âœˆï¸, Delhi Hotel Hunt, Mumbai Antique Market Hunt // Chor Bazaar, I Almost Died In India //Terrifying Fairground Ride, ğŸ‡®ğŸ‡³ India Outtakes ğŸ‡®ğŸ‡³, India's Unknown Border | Journey To The Edge Of India ğŸ‡®ğŸ‡³, Funny India - Pakistan Border Ceremony ğŸ‡®ğŸ‡³, Inside India's Smuggling Town ğŸ‡®ğŸ‡³, Motorcycle Hunt In Udaipur India, Russian Girls Try Indian Food For The First Time! ğŸ‡®ğŸ‡³, India Street Food At The Delhi Funfair, Indian Bus Scammer Exposed! ğŸ‡®ğŸ‡³, Solo In India's Biggest Slum | Dharavi Mumbai, Lost On GB Road | Tales From India ğŸ‡®ğŸ‡³, Crazy Indian Street Bar // Kingfeemer Time!, 10 Things I Hate About India! ğŸ‡®ğŸ‡³, Eating Indian Street Food In Delhi Night Market, Could You Handle This Traffic? | Delhi's Craziest Junction ğŸ‡®ğŸ‡³, Mumbai Mall Party, Foreigner Wears A Turban In India ğŸ‘³â€â™‚ï¸, Exploring Mumbai's Oldest Market, ğŸ‡®ğŸ‡³ Trying $0.25 Spicy Tibetan Laping Noodles | India Food Vlog, Money Necklace Social Experiment | Thieve's Market India ğŸ‡®ğŸ‡³, Delhi's  Secret Tibetan Colony | Majnu-ka-tilla, ğŸ‡®ğŸ‡³ Trying $1.50 Banana Leaf Thali | India Food Vlog, Bhabhi Porn Market Of Delhi ğŸ”, Bombay Bhabhi Market Hunt ğŸ†, Tibetan Market & Temple Tour // Delhi, Video not available, Morning Vegetable Market Tour ğŸ†ğŸŒğŸŒ½, Why I Returned To India After 20 Years, Foreigner Gives 3 Lakhs to Pakistani Refugees In Delhi!!! ğŸ‡®ğŸ‡³, Goa To Mumbai Adventure ğŸ‡®ğŸ‡³, Narendra Modi Why Won't You Help These Hindus?!, Sikh For A Day | Amritsar, India, My Indian Stalker","['L3YggRi_IYM', 'vCIG3LmnPAs', '-ZxbK-zd3Q4', 'zkY6XApaOog', 'Wt5UGUmEThg', '07NPy_P2iNU', 'yQSMVCvcnUk', 'tsmmleDftsc', 'uQUxS3woK4U', 'T-o1qCNFcBU', 'RxJy-U3udew', '91w4GkdGfVA', 'x7sc1CiAAt4', 'aZmClvjsptc', 'Ey-aWXdZmSY', 'PqGcDGKYhR4', 'g68NJ1-GEiE', 'mwKgytCI3gs', 'Y0S7dOIEms4', 'zu15oReAe2k', 'Ap_Fms-xwSI', 'zK95gclGGCM', 'h4S1xy5d_Vk', 'G7HIGx4OCzU', 'PihyMGId-bg', 'BNk99L1HAwE', 'gLJy5njInoc', 'kSahiVJa9a8', 'qFd8Mwg1cws', '79QlmltqDyI', 'aFUDm9AIsHw', 'TLhGyksrlgQ', '3ALtc87WW4E', 'MNYRAhlClrE', 'TElOv0th_V4', 'vI2kzE-WTXU', '6fZQKoTEEBc', '60JKeARTL60', 'FP272JO8FgA', 'ym21adEKUnk', 'nWxCDgWy5SY', 'LdvctWZ23n0', '9p4SipqY5rI', 'wjz3mqYNnms', '7ZjgtHhKBQw', 'RRK5-9BfLPs', 'Hdm24qlSoVk', '3Gqv4ZvWXLg', '4n4oOiU1BC8', 'HJVDbRILzJs']"
